{
  "project_info": {
    "project_number": "171655753432",
    "project_id": "food-waste-8fec2",
    "storage_bucket": "food-waste-8fec2.appspot.com"
  },
  "client": [
    {
      "client_info": {
        "mobilesdk_app_id": "1:171655753432:android:59500f9762d9d90d0971ad",
        "android_client_info": {
          "package_name": "com.example.foodwaste"
        }
      },
      "oauth_client": [
        {
          "client_id": "171655753432-a47djrq6m372ld9kglri23p8j0hqv553.apps.googleusercontent.com",
          "client_type": 3
        }
      ],
      "api_key": [
        {
          "current_key": "AIzaSyDHY7rgyMw-6Z_XO7v21vMYFEL776UDZis"
        }
      ],
      "services": {
        "appinvite_service": {
          "other_platform_oauth_client": [
            {
              "client_id": "171655753432-a47djrq6m372ld9kglri23p8j0hqv553.apps.googleusercontent.com",
              "client_type": 3
            }
          ]
        }
      }
    }
  ],
  "configuration_version": "1"
}